﻿Designator,Quantity,Value,Footprint,Package,MPN,DNP,Mount_Type,SPN,Description
C1,1,250p,C_Disc_D7.5mm_W5.0mm_P7.50mm,,,,tht,,
C2,1,100n,C_Axial_L12.0mm_D6.5mm_P15.00mm_Horizontal,,,,tht,,
C3,1,4.7n,C_Axial_L12.0mm_D6.5mm_P15.00mm_Horizontal,,,,tht,,
"J1, J2",2,Screw_Terminal_1x02,"PhoenixContact_MCV_1,5_2-G-5.08_1x02_P5.08mm_Vertical",,,,tht,651-1729128,
J3,1,Screw_Terminal_1x01,SolderWire-0.75sqmm_1x01_D1.25mm_OD2.3mm,,,,tht,,
R1,1,100k,R_Axial_DIN0414_L11.9mm_D4.5mm_P15.24mm_Horizontal,,,,tht,,
RV1,1,250k Log,"PhoenixContact_MCV_1,5_3-G-5.08_1x03_P5.08mm_Vertical",,1729131,,tht,651-1729131,
RV2,1,250k Log,"PhoenixContact_MCV_1,5_3-G-5.08_1x03_P5.08mm_Vertical",,,,tht,,Variable resistor
RV3,1,10k Log,"PhoenixContact_MCV_1,5_3-G-5.08_1x03_P5.08mm_Vertical",,1729131,,tht,651-1729131,
